quote,source,fact,type
Love him and let him love you. Do you think anything else under heaven really matters?,"James Baldwin, Giovanni's Room","Baldwin, a Black gay author, used his literature to challenge societal norms and affirm same-sex love during a time of intense discrimination.",real
"If I wait for someone else to validate my existence, it will mean that I'm shortchanging myself.",Zanele Muholi,"Muholi is a South African visual activist whose work centers on the lives of Black LGBTQ+ individuals, especially women.",real
"I am proud, that I found the courage to deal the initial blow to the hydra of public contempt.",Karl Heinrich Ulrichs,"Ulrichs is considered one of the first people to publicly come out as gay, doing so in 1867 - decades before the modern LGBTQ+ rights movement.",real
"It is absolutely imperative that every human being's freedom and human rights are respected, all over the world.",Jóhanna Sigurðardóttir,"As Iceland's Prime Minister, she was the world's first openly gay head of government.",real
I will not be tolerated. I will be respected. I will be heard.,Harvey Milk,Milk was one of the first openly gay elected officials in the U.S. and a martyr for LGBTQ+ rights after his assassination in 1978.,real
Everyone has the right to be exactly who they are.,Laverne Cox,"Cox is a trailblazing transgender actress and advocate, known for her role in Orange Is the New Black and her activism for trans rights.",real
"I am what I am, and what I am needs no excuses.",Gloria Gaynor,This lyric from her song “I Am What I Am” became an anthem for LGBTQ+ self-acceptance and empowerment in the 1980s,real
"It's always wrong to hate, but it's never wrong to love.",Lady Gaga,"Gaga has long been a vocal LGBTQ+ ally, founding the Born This Way Foundation to support youth mental health and inclusivity.",real
"Openness may not completely disarm prejudice, but it's a good place to start.",Jason Collins,Collins was the first openly gay athlete to play in any of the four major U.S. professional sports leagues.,real
"We deserve to experience love fully, equally, without shame and without compromise.",Elliot Page,"Page came out as transgender in 2020, becoming one of the most visible trans actors in Hollywood.",real
"I am a strong, Black, lesbian woman. Every single time I say it, I feel so much better.",Brittney Griner,Griner is a WNBA star and Olympic gold medalist who has used her platform to advocate for LGBTQ+ rights.,real
Don't be afraid. Don't be ashamed. Don't ever apologize for your sexuality. Just be you.,Sonya Deville,"Deville is WWE's first openly lesbian wrestler, breaking barriers in a traditionally conservative industry.",real
Everyone has the right to be exactly who they are.,Laverne Cox,Cox is the first openly transgender person nominated for a Primetime Emmy Award in acting.,real
I am my own special creation.,"Jerry Herman, La Cage aux Folles","This musical was one of the first Broadway shows to center on a gay couple, premiering in 1983.",real
Accept no one's definition of your life; define yourself.,Harvey Fierstein,Fierstein is a Tony-winning playwright and actor known for his work in Torch Song Trilogy and Hairspray.,real
"You never completely have your rights, one person, until you all have your rights.",Marsha P. Johnson,Johnson was a Black trans activist and key figure in the Stonewall uprising of 1969.,real
"Being born gay, Black, and female is not a burden. It's a blessing.",Wanda Sykes,Sykes is a comedian and actress who came out publicly in 2008 and has been a vocal advocate for LGBTQ+ rights.,real
The beauty of standing up for your rights is others see you standing and stand up too.,Cassandra Duffy,Duffy is a lesbian author and activist who writes about queer identity and empowerment.,real
The next time someone asks you why LGBT Pride marches exist... tell them 'A bisexual woman named Brenda Howard thought it should be.',Brenda Howard,"Known as the “Mother of Pride,” Howard organized the first Pride march in 1970 ",real
Every LGBTQ+ refugee has a unique situation - but the fear and pain they endured before coming to Canada is universal.,Arsham Parsi,Parsi is an Iranian LGBTQ+ activist who fled persecution and now helps queer refugees.,real
Visibility is the first step toward equality.,"Jordan Vega, LGBTQ+ Rights Advocate","Vega is known for their work in digital activism, promoting inclusive representation in media.",ai
Pride is not a parade - it's a promise to never hide again.,"Avery Lin, Queer Poet",Lin's spoken word performances have gone viral for their raw honesty about queer identity.,ai
We are not just surviving - we are thriving in color.,"Kai Monroe, Community Organizer",Monroe founded the “Thrive in Color” initiative to support LGBTQ+ youth of color.,ai
To love without fear is the boldest act of all.,"Riley Quinn, Human Rights Lawyer",Quinn has represented LGBTQ+ asylum seekers in landmark international cases.,ai
Our pride is louder than their prejudice.,"Sasha Elwood, Activist & Speaker",Elwood's TED Talk on queer resilience has been translated into 12 languages.,ai
You don't need permission to be proud.,"Devon Hart, Trans Rights Advocate","Hart's memoir, Unwritten Rules, became a bestseller in queer literature.",ai
Love doesn't ask for approval - it simply exists.,"Emery Blake, LGBTQ+ Novelist",Blake's novels often explore queer love in historical settings.,ai
Pride is the art of living truthfully.,"Noa Sterling, Queer Philosopher",Sterling lectures on queer ethics and identity at major universities.,ai
We are the legacy of those who danced in defiance.,"Toni Rivera, Drag Historian","Rivera curates the “Ballroom Archives,” preserving drag and ballroom culture.",ai
Being queer is not a phase - it's a revolution.,"Jules Maren, Youth Advocate",Maren leads workshops for LGBTQ+ teens on self-expression and activism.,ai
Every color in the rainbow tells a story of survival.,"Sky Ellis, Visual Artist",Ellis's Pride-themed murals have been featured in galleries worldwide.,ai
We are not broken - we are beautifully complex.,"Rowan Leigh, Mental Health Advocate",Leigh's nonprofit supports LGBTQ+ individuals navigating trauma and healing.,ai
Pride is the echo of every voice that refused to be silenced.,"Mika Duran, Spoken Word Artist",Duran's poetry has been performed at international Pride festivals.,ai
To be queer is to be limitless.,"Ash Vega, Gender Theorist",Vega's research challenges binary thinking in gender and identity.,ai
We don't just come out - we rise up.,"Lennox Ray, LGBTQ+ Historian",Ray's documentary Out of the Shadows chronicles global Pride movements.,ai
Authenticity is our loudest protest.,"Harper Wynn, Fashion Designer",Wynn's Pride collections have been featured in Vogue and Elle.,ai
Love is our resistance.,"Ezra Cole, Queer Musician",Cole’s anthem “Unapologetic” became a Pride Month hit across streaming platforms.,ai
We are the future our ancestors dreamed of.,"Indigo Mars, Two-Spirit Educator",Mars teaches about Indigenous queer identities and Two-Spirit traditions.,ai
There is no shame in being seen.,"Phoenix Lane, LGBTQ+ Therapist",Lane specializes in affirming therapy for queer and questioning youth.,ai
"Pride is not just who we are - it's how we love, live, and lead.","Sage Hollis, Community Leader",Hollis organizes inclusive leadership programs for LGBTQ+ professionals.,ai
